{"stat.beaconInteraction":5,"stat.useItem.minecraft.quartz_block":73,"stat.useItem.minecraft.painting":199,"stat.pickup.minecraft.wooden_slab":1,"stat.leaveGame":20,"stat.useItem.minecraft.beacon":26,"stat.drop.minecraft.beacon":1,"stat.pickup.minecraft.flower_pot":1,"stat.swimOneCm":14407,"stat.useItem.minecraft.planks":94,"stat.useItem.minecraft.end_rod":6,"stat.useItem.minecraft.nether_brick_stairs":3,"stat.useItem.minecraft.redstone_torch":17,"stat.drop.minecraft.redstone_torch":1,"stat.pickup.minecraft.sand":4,"stat.drop.minecraft.daylight_detector":1,"stat.pickup.minecraft.activator_rail":11,"stat.pickup.minecraft.diamond_leggings":1,"stat.flyOneCm":312208,"stat.drop.minecraft.sand":1,"stat.timeSinceDeath":655461,"stat.useItem.minecraft.fence_gate":1,"stat.useItem.minecraft.sign":38,"stat.useItem.minecraft.wooden_slab":256,"stat.drop.minecraft.diamond_chestplate":1,"stat.drop.minecraft.flint_and_steel":1,"stat.drop.minecraft.diamond_block":1,"stat.pickup.minecraft.carpet":1,"stat.drop.minecraft.red_flower":2,"stat.drop.minecraft.spawn_egg":1,"stat.drop.minecraft.stone_slab":2,"stat.pickup.minecraft.filled_map":7,"stat.drop.minecraft.diamond_helmet":1,"stat.drop.minecraft.birch_fence":1,"stat.useItem.minecraft.trapdoor":18,"stat.sprintOneCm":27570,"stat.useItem.minecraft.diamond_block":82,"stat.drop.minecraft.dark_oak_door":1,"stat.drop.minecraft.stone_pressure_plate":1,"stat.useItem.minecraft.dark_oak_door":3,"stat.useItem.minecraft.stone_slab":157,"stat.useItem.minecraft.flint_and_steel":2,"stat.useItem.minecraft.stone_pressure_plate":2,"stat.drop":57,"stat.playOneMinute":655461,"stat.useItem.minecraft.cake":5,"stat.useItem.minecraft.diamond_ore":24,"stat.pickup.minecraft.glass_pane":2,"stat.pickup.minecraft.item_frame":1,"stat.useItem.minecraft.birch_stairs":40,"stat.drop.minecraft.bread":1,"stat.drop.minecraft.torch":1,"stat.diveOneCm":87675,"stat.drop.minecraft.flower_pot":2,"stat.chestOpened":6,"stat.pickup.minecraft.sign":1,"stat.useItem.minecraft.stone":179,"stat.useItem.minecraft.sponge":20,"stat.useItem.minecraft.carpet":17,"stat.useItem.minecraft.potion":2,"stat.useItem.minecraft.flower_pot":1,"stat.jump":471,"stat.useItem.minecraft.sand":77,"stat.drop.minecraft.stone":1,"stat.crouchOneCm":1852,"stat.useItem.minecraft.stone_button":4,"stat.drop.minecraft.glass":1,"stat.useItem.minecraft.glass":6,"stat.pickup.minecraft.command_block":1,"stat.drop.minecraft.stone_button":1,"stat.useItem.minecraft.birch_fence":18,"stat.damageDealt":72,"stat.flowerPotted":1,"stat.useItem.minecraft.command_block":18,"stat.drop.minecraft.painting":1,"stat.walkOneCm":376685,"stat.useItem.minecraft.torch":31,"stat.useItem.minecraft.chest":2,"stat.useItem.minecraft.log":17,"stat.useItem.minecraft.lava_bucket":8,"stat.drop.minecraft.birch_stairs":1,"stat.drop.minecraft.iron_block":1,"stat.drop.minecraft.sign":1,"stat.drop.minecraft.glass_pane":2,"stat.useItem.minecraft.redstone_block":47,"stat.useItem.minecraft.item_frame":23,"stat.pickup.minecraft.stone":1,"stat.drop.minecraft.planks":1,"stat.drop.minecraft.diamond_leggings":2,"stat.drop.minecraft.command_block":1,"stat.drop.minecraft.wooden_slab":1,"stat.useItem.minecraft.glass_pane":242,"stat.useItem.minecraft.netherrack":2,"stat.useItem.minecraft.iron_block":49,"stat.drop.minecraft.end_rod":1,"stat.useItem.minecraft.daylight_detector":5,"stat.drop.minecraft.filled_map":16,"stat.drop.minecraft.diamond_boots":3,"stat.useItem.minecraft.wooden_pressure_plate":1,"stat.pickup.minecraft.diamond_boots":2,"stat.useItem.minecraft.wooden_door":2,"stat.useItem.minecraft.spruce_door":3,"stat.drop.minecraft.cake":1,"stat.pickup.minecraft.torch":1,"stat.sneakTime":3139,"stat.drop.minecraft.quartz_block":1,"stat.drop.minecraft.totem_of_undying":1}